index,addr,index_code
KRX 300,http://marketdata.krx.co.kr/contents/COM/GenerateOTP.jspx?name=fileDown&filetype=csv&url=MKD/13/1301/13010102/mkd13010102&type=2&ind_type=5300&period_strt_dd=20190419&period_end_dd=20190426&pagePath=%2Fcontents%2FMKD%2F13%2F1301%2F13010102%2FMKD13010102.jsp,5300
KRX 100,http://marketdata.krx.co.kr/contents/COM/GenerateOTP.jspx?name=fileDown&filetype=csv&url=MKD/13/1301/13010102/mkd13010102&type=2&ind_type=5042&period_strt_dd=20190419&period_end_dd=20190426&pagePath=%2Fcontents%2FMKD%2F13%2F1301%2F13010102%2FMKD13010102.jsp,5042
KTOP 30,http://marketdata.krx.co.kr/contents/COM/GenerateOTP.jspx?name=fileDown&filetype=csv&url=MKD/13/1301/13010102/mkd13010102&type=2&ind_type=5600&period_strt_dd=20190419&period_end_dd=20190426&pagePath=%2Fcontents%2FMKD%2F13%2F1301%2F13010102%2FMKD13010102.jsp,5600
KRX 자동차,http://marketdata.krx.co.kr/contents/COM/GenerateOTP.jspx?name=fileDown&filetype=csv&url=MKD/13/1301/13010102/mkd13010102&type=2&ind_type=5043&period_strt_dd=20190419&period_end_dd=20190426&pagePath=%2Fcontents%2FMKD%2F13%2F1301%2F13010102%2FMKD13010102.jsp,5043
KRX 반도체,http://marketdata.krx.co.kr/contents/COM/GenerateOTP.jspx?name=fileDown&filetype=csv&url=MKD/13/1301/13010102/mkd13010102&type=2&ind_type=5044&period_strt_dd=20190419&period_end_dd=20190426&pagePath=%2Fcontents%2FMKD%2F13%2F1301%2F13010102%2FMKD13010102.jsp,5044
KRX 헬스케어,http://marketdata.krx.co.kr/contents/COM/GenerateOTP.jspx?name=fileDown&filetype=csv&url=MKD/13/1301/13010102/mkd13010102&type=2&ind_type=5045&period_strt_dd=20190419&period_end_dd=20190426&pagePath=%2Fcontents%2FMKD%2F13%2F1301%2F13010102%2FMKD13010102.jsp,5045
KRX 은행,http://marketdata.krx.co.kr/contents/COM/GenerateOTP.jspx?name=fileDown&filetype=csv&url=MKD/13/1301/13010102/mkd13010102&type=2&ind_type=5046&period_strt_dd=20190419&period_end_dd=20190426&pagePath=%2Fcontents%2FMKD%2F13%2F1301%2F13010102%2FMKD13010102.jsp,5046
KRX 에너지화학,http://marketdata.krx.co.kr/contents/COM/GenerateOTP.jspx?name=fileDown&filetype=csv&url=MKD/13/1301/13010102/mkd13010102&type=2&ind_type=5048&period_strt_dd=20190419&period_end_dd=20190426&pagePath=%2Fcontents%2FMKD%2F13%2F1301%2F13010102%2FMKD13010102.jsp,5048
KRX 철강,http://marketdata.krx.co.kr/contents/COM/GenerateOTP.jspx?name=fileDown&filetype=csv&url=MKD/13/1301/13010102/mkd13010102&type=2&ind_type=5049&period_strt_dd=20190419&period_end_dd=20190426&pagePath=%2Fcontents%2FMKD%2F13%2F1301%2F13010102%2FMKD13010102.jsp,5049
KRX 방송통신,http://marketdata.krx.co.kr/contents/COM/GenerateOTP.jspx?name=fileDown&filetype=csv&url=MKD/13/1301/13010102/mkd13010102&type=2&ind_type=5051&period_strt_dd=20190419&period_end_dd=20190426&pagePath=%2Fcontents%2FMKD%2F13%2F1301%2F13010102%2FMKD13010102.jsp,5051
KRX 건설,http://marketdata.krx.co.kr/contents/COM/GenerateOTP.jspx?name=fileDown&filetype=csv&url=MKD/13/1301/13010102/mkd13010102&type=2&ind_type=5052&period_strt_dd=20190419&period_end_dd=20190426&pagePath=%2Fcontents%2FMKD%2F13%2F1301%2F13010102%2FMKD13010102.jsp,5052
KRX 증권,http://marketdata.krx.co.kr/contents/COM/GenerateOTP.jspx?name=fileDown&filetype=csv&url=MKD/13/1301/13010102/mkd13010102&type=2&ind_type=5054&period_strt_dd=20190419&period_end_dd=20190426&pagePath=%2Fcontents%2FMKD%2F13%2F1301%2F13010102%2FMKD13010102.jsp,5054
KRX 기계장비,http://marketdata.krx.co.kr/contents/COM/GenerateOTP.jspx?name=fileDown&filetype=csv&url=MKD/13/1301/13010102/mkd13010102&type=2&ind_type=5055&period_strt_dd=20190419&period_end_dd=20190426&pagePath=%2Fcontents%2FMKD%2F13%2F1301%2F13010102%2FMKD13010102.jsp,5055
KRX 보험,http://marketdata.krx.co.kr/contents/COM/GenerateOTP.jspx?name=fileDown&filetype=csv&url=MKD/13/1301/13010102/mkd13010102&type=2&ind_type=5056&period_strt_dd=20190419&period_end_dd=20190426&pagePath=%2Fcontents%2FMKD%2F13%2F1301%2F13010102%2FMKD13010102.jsp,5056
KRX 운송,http://marketdata.krx.co.kr/contents/COM/GenerateOTP.jspx?name=fileDown&filetype=csv&url=MKD/13/1301/13010102/mkd13010102&type=2&ind_type=5057&period_strt_dd=20190419&period_end_dd=20190426&pagePath=%2Fcontents%2FMKD%2F13%2F1301%2F13010102%2FMKD13010102.jsp,5057
KRX 경기소비재,http://marketdata.krx.co.kr/contents/COM/GenerateOTP.jspx?name=fileDown&filetype=csv&url=MKD/13/1301/13010102/mkd13010102&type=2&ind_type=5061&period_strt_dd=20190419&period_end_dd=20190426&pagePath=%2Fcontents%2FMKD%2F13%2F1301%2F13010102%2FMKD13010102.jsp,5061
KRX 필수소비재,http://marketdata.krx.co.kr/contents/COM/GenerateOTP.jspx?name=fileDown&filetype=csv&url=MKD/13/1301/13010102/mkd13010102&type=2&ind_type=5062&period_strt_dd=20190419&period_end_dd=20190426&pagePath=%2Fcontents%2FMKD%2F13%2F1301%2F13010102%2FMKD13010102.jsp,5062
KRX 미디어&엔터테인먼트,http://marketdata.krx.co.kr/contents/COM/GenerateOTP.jspx?name=fileDown&filetype=csv&url=MKD/13/1301/13010102/mkd13010102&type=2&ind_type=5063&period_strt_dd=20190419&period_end_dd=20190426&pagePath=%2Fcontents%2FMKD%2F13%2F1301%2F13010102%2FMKD13010102.jsp,5063
KRX 정보기술,http://marketdata.krx.co.kr/contents/COM/GenerateOTP.jspx?name=fileDown&filetype=csv&url=MKD/13/1301/13010102/mkd13010102&type=2&ind_type=5064&period_strt_dd=20190419&period_end_dd=20190426&pagePath=%2Fcontents%2FMKD%2F13%2F1301%2F13010102%2FMKD13010102.jsp,5064
KRX 유틸리티,http://marketdata.krx.co.kr/contents/COM/GenerateOTP.jspx?name=fileDown&filetype=csv&url=MKD/13/1301/13010102/mkd13010102&type=2&ind_type=5065&period_strt_dd=20190419&period_end_dd=20190426&pagePath=%2Fcontents%2FMKD%2F13%2F1301%2F13010102%2FMKD13010102.jsp,5065
코스피 ,http://marketdata.krx.co.kr/contents/COM/GenerateOTP.jspx?name=fileDown&filetype=csv&url=MKD/13/1301/13010102/mkd13010102&type=3&ind_type=1001&period_strt_dd=20190419&period_end_dd=20190426&pagePath=%2Fcontents%2FMKD%2F13%2F1301%2F13010102%2FMKD13010102.jsp,1001
코스피 200,http://marketdata.krx.co.kr/contents/COM/GenerateOTP.jspx?name=fileDown&filetype=csv&url=MKD/13/1301/13010102/mkd13010102&type=3&ind_type=1028&period_strt_dd=20190419&period_end_dd=20190426&pagePath=%2Fcontents%2FMKD%2F13%2F1301%2F13010102%2FMKD13010102.jsp,1028
코스피 100,http://marketdata.krx.co.kr/contents/COM/GenerateOTP.jspx?name=fileDown&filetype=csv&url=MKD/13/1301/13010102/mkd13010102&type=3&ind_type=1034&period_strt_dd=20190419&period_end_dd=20190426&pagePath=%2Fcontents%2FMKD%2F13%2F1301%2F13010102%2FMKD13010102.jsp,1034
코스피 50,http://marketdata.krx.co.kr/contents/COM/GenerateOTP.jspx?name=fileDown&filetype=csv&url=MKD/13/1301/13010102/mkd13010102&type=3&ind_type=1035&period_strt_dd=20190419&period_end_dd=20190426&pagePath=%2Fcontents%2FMKD%2F13%2F1301%2F13010102%2FMKD13010102.jsp,1035
코스피 제조업 ,http://marketdata.krx.co.kr/contents/COM/GenerateOTP.jspx?name=fileDown&filetype=csv&url=MKD/13/1301/13010102/mkd13010102&type=3&ind_type=1027&period_strt_dd=20190419&period_end_dd=20190426&pagePath=%2Fcontents%2FMKD%2F13%2F1301%2F13010102%2FMKD13010102.jsp,1027
코스피 음식료품 ,http://marketdata.krx.co.kr/contents/COM/GenerateOTP.jspx?name=fileDown&filetype=csv&url=MKD/13/1301/13010102/mkd13010102&type=3&ind_type=1005&period_strt_dd=20190419&period_end_dd=20190426&pagePath=%2Fcontents%2FMKD%2F13%2F1301%2F13010102%2FMKD13010102.jsp,1005
코스피 섬유의복 ,http://marketdata.krx.co.kr/contents/COM/GenerateOTP.jspx?name=fileDown&filetype=csv&url=MKD/13/1301/13010102/mkd13010102&type=3&ind_type=1006&period_strt_dd=20190419&period_end_dd=20190426&pagePath=%2Fcontents%2FMKD%2F13%2F1301%2F13010102%2FMKD13010102.jsp,1006
코스피 종이목재 ,http://marketdata.krx.co.kr/contents/COM/GenerateOTP.jspx?name=fileDown&filetype=csv&url=MKD/13/1301/13010102/mkd13010102&type=3&ind_type=1007&period_strt_dd=20190419&period_end_dd=20190426&pagePath=%2Fcontents%2FMKD%2F13%2F1301%2F13010102%2FMKD13010102.jsp,1007
코스피 화학 ,http://marketdata.krx.co.kr/contents/COM/GenerateOTP.jspx?name=fileDown&filetype=csv&url=MKD/13/1301/13010102/mkd13010102&type=3&ind_type=1008&period_strt_dd=20190419&period_end_dd=20190426&pagePath=%2Fcontents%2FMKD%2F13%2F1301%2F13010102%2FMKD13010102.jsp,1008
코스피 의약품 ,http://marketdata.krx.co.kr/contents/COM/GenerateOTP.jspx?name=fileDown&filetype=csv&url=MKD/13/1301/13010102/mkd13010102&type=3&ind_type=1009&period_strt_dd=20190419&period_end_dd=20190426&pagePath=%2Fcontents%2FMKD%2F13%2F1301%2F13010102%2FMKD13010102.jsp,1009
코스피 비금속광물 ,http://marketdata.krx.co.kr/contents/COM/GenerateOTP.jspx?name=fileDown&filetype=csv&url=MKD/13/1301/13010102/mkd13010102&type=3&ind_type=1010&period_strt_dd=20190419&period_end_dd=20190426&pagePath=%2Fcontents%2FMKD%2F13%2F1301%2F13010102%2FMKD13010102.jsp,1010
코스피 철강금속 ,http://marketdata.krx.co.kr/contents/COM/GenerateOTP.jspx?name=fileDown&filetype=csv&url=MKD/13/1301/13010102/mkd13010102&type=3&ind_type=1011&period_strt_dd=20190419&period_end_dd=20190426&pagePath=%2Fcontents%2FMKD%2F13%2F1301%2F13010102%2FMKD13010102.jsp,1011
코스피 기계 ,http://marketdata.krx.co.kr/contents/COM/GenerateOTP.jspx?name=fileDown&filetype=csv&url=MKD/13/1301/13010102/mkd13010102&type=3&ind_type=1012&period_strt_dd=20190419&period_end_dd=20190426&pagePath=%2Fcontents%2FMKD%2F13%2F1301%2F13010102%2FMKD13010102.jsp,1012
코스피 전기전자 ,http://marketdata.krx.co.kr/contents/COM/GenerateOTP.jspx?name=fileDown&filetype=csv&url=MKD/13/1301/13010102/mkd13010102&type=3&ind_type=1013&period_strt_dd=20190419&period_end_dd=20190426&pagePath=%2Fcontents%2FMKD%2F13%2F1301%2F13010102%2FMKD13010102.jsp,1013
코스피 의료정밀 ,http://marketdata.krx.co.kr/contents/COM/GenerateOTP.jspx?name=fileDown&filetype=csv&url=MKD/13/1301/13010102/mkd13010102&type=3&ind_type=1014&period_strt_dd=20190419&period_end_dd=20190426&pagePath=%2Fcontents%2FMKD%2F13%2F1301%2F13010102%2FMKD13010102.jsp,1014
코스피 운수장비 ,http://marketdata.krx.co.kr/contents/COM/GenerateOTP.jspx?name=fileDown&filetype=csv&url=MKD/13/1301/13010102/mkd13010102&type=3&ind_type=1015&period_strt_dd=20190419&period_end_dd=20190426&pagePath=%2Fcontents%2FMKD%2F13%2F1301%2F13010102%2FMKD13010102.jsp,1015
코스피 유통업 ,http://marketdata.krx.co.kr/contents/COM/GenerateOTP.jspx?name=fileDown&filetype=csv&url=MKD/13/1301/13010102/mkd13010102&type=3&ind_type=1016&period_strt_dd=20190419&period_end_dd=20190426&pagePath=%2Fcontents%2FMKD%2F13%2F1301%2F13010102%2FMKD13010102.jsp,1016
코스피 전기가스업 ,http://marketdata.krx.co.kr/contents/COM/GenerateOTP.jspx?name=fileDown&filetype=csv&url=MKD/13/1301/13010102/mkd13010102&type=3&ind_type=1017&period_strt_dd=20190419&period_end_dd=20190426&pagePath=%2Fcontents%2FMKD%2F13%2F1301%2F13010102%2FMKD13010102.jsp,1017
코스피 건설업 ,http://marketdata.krx.co.kr/contents/COM/GenerateOTP.jspx?name=fileDown&filetype=csv&url=MKD/13/1301/13010102/mkd13010102&type=3&ind_type=1018&period_strt_dd=20190419&period_end_dd=20190426&pagePath=%2Fcontents%2FMKD%2F13%2F1301%2F13010102%2FMKD13010102.jsp,1018
코스피 운수창고업 ,http://marketdata.krx.co.kr/contents/COM/GenerateOTP.jspx?name=fileDown&filetype=csv&url=MKD/13/1301/13010102/mkd13010102&type=3&ind_type=1019&period_strt_dd=20190419&period_end_dd=20190426&pagePath=%2Fcontents%2FMKD%2F13%2F1301%2F13010102%2FMKD13010102.jsp,1019
코스피 통신업 ,http://marketdata.krx.co.kr/contents/COM/GenerateOTP.jspx?name=fileDown&filetype=xls&url=MKD/13/1301/13010102/mkd13010102&type=3&ind_type=1020&period_strt_dd=20190419&period_end_dd=20190426&pagePath=%2Fcontents%2FMKD%2F13%2F1301%2F13010102%2FMKD13010102.jsp,1020
코스피 금융업 ,http://marketdata.krx.co.kr/contents/COM/GenerateOTP.jspx?name=fileDown&filetype=xls&url=MKD/13/1301/13010102/mkd13010102&type=3&ind_type=1021&period_strt_dd=20190419&period_end_dd=20190426&pagePath=%2Fcontents%2FMKD%2F13%2F1301%2F13010102%2FMKD13010102.jsp,1021
코스피 은행 ,http://marketdata.krx.co.kr/contents/COM/GenerateOTP.jspx?name=fileDown&filetype=xls&url=MKD/13/1301/13010102/mkd13010102&type=3&ind_type=1022&period_strt_dd=20190419&period_end_dd=20190426&pagePath=%2Fcontents%2FMKD%2F13%2F1301%2F13010102%2FMKD13010102.jsp,1022
코스피 증권 ,http://marketdata.krx.co.kr/contents/COM/GenerateOTP.jspx?name=fileDown&filetype=xls&url=MKD/13/1301/13010102/mkd13010102&type=3&ind_type=1024&period_strt_dd=20190419&period_end_dd=20190426&pagePath=%2Fcontents%2FMKD%2F13%2F1301%2F13010102%2FMKD13010102.jsp,1024
코스피 보험 ,http://marketdata.krx.co.kr/contents/COM/GenerateOTP.jspx?name=fileDown&filetype=xls&url=MKD/13/1301/13010102/mkd13010102&type=3&ind_type=1025&period_strt_dd=20190419&period_end_dd=20190426&pagePath=%2Fcontents%2FMKD%2F13%2F1301%2F13010102%2FMKD13010102.jsp,1025
코스피 서비스업 ,http://marketdata.krx.co.kr/contents/COM/GenerateOTP.jspx?name=fileDown&filetype=xls&url=MKD/13/1301/13010102/mkd13010102&type=3&ind_type=1026&period_strt_dd=20190419&period_end_dd=20190426&pagePath=%2Fcontents%2FMKD%2F13%2F1301%2F13010102%2FMKD13010102.jsp,1026
코스피 200 건설,http://marketdata.krx.co.kr/contents/COM/GenerateOTP.jspx?name=fileDown&filetype=xls&url=MKD/13/1301/13010102/mkd13010102&type=3&ind_type=1151&period_strt_dd=20190419&period_end_dd=20190426&pagePath=%2Fcontents%2FMKD%2F13%2F1301%2F13010102%2FMKD13010102.jsp,1151
코스피 200 중공업,http://marketdata.krx.co.kr/contents/COM/GenerateOTP.jspx?name=fileDown&filetype=xls&url=MKD/13/1301/13010102/mkd13010102&type=3&ind_type=1152&period_strt_dd=20190419&period_end_dd=20190426&pagePath=%2Fcontents%2FMKD%2F13%2F1301%2F13010102%2FMKD13010102.jsp,1152
코스피 200 철강/소재,http://marketdata.krx.co.kr/contents/COM/GenerateOTP.jspx?name=fileDown&filetype=xls&url=MKD/13/1301/13010102/mkd13010102&type=3&ind_type=1153&period_strt_dd=20190419&period_end_dd=20190426&pagePath=%2Fcontents%2FMKD%2F13%2F1301%2F13010102%2FMKD13010102.jsp,1153
코스피 200 에너지/화학,http://marketdata.krx.co.kr/contents/COM/GenerateOTP.jspx?name=fileDown&filetype=xls&url=MKD/13/1301/13010102/mkd13010102&type=3&ind_type=1154&period_strt_dd=20190419&period_end_dd=20190426&pagePath=%2Fcontents%2FMKD%2F13%2F1301%2F13010102%2FMKD13010102.jsp,1154
코스피 200 정보기술,http://marketdata.krx.co.kr/contents/COM/GenerateOTP.jspx?name=fileDown&filetype=xls&url=MKD/13/1301/13010102/mkd13010102&type=3&ind_type=1155&period_strt_dd=20190419&period_end_dd=20190426&pagePath=%2Fcontents%2FMKD%2F13%2F1301%2F13010102%2FMKD13010102.jsp,1155
코스피 200 금융업,http://marketdata.krx.co.kr/contents/COM/GenerateOTP.jspx?name=fileDown&filetype=xls&url=MKD/13/1301/13010102/mkd13010102&type=3&ind_type=1156&period_strt_dd=20190419&period_end_dd=20190426&pagePath=%2Fcontents%2FMKD%2F13%2F1301%2F13010102%2FMKD13010102.jsp,1156
코스피 200 생활소비재,http://marketdata.krx.co.kr/contents/COM/GenerateOTP.jspx?name=fileDown&filetype=xls&url=MKD/13/1301/13010102/mkd13010102&type=3&ind_type=1157&period_strt_dd=20190419&period_end_dd=20190426&pagePath=%2Fcontents%2FMKD%2F13%2F1301%2F13010102%2FMKD13010102.jsp,1157
코스피 200 경기소비재,http://marketdata.krx.co.kr/contents/COM/GenerateOTP.jspx?name=fileDown&filetype=xls&url=MKD/13/1301/13010102/mkd13010102&type=3&ind_type=1158&period_strt_dd=20190419&period_end_dd=20190426&pagePath=%2Fcontents%2FMKD%2F13%2F1301%2F13010102%2FMKD13010102.jsp,1158
코스피 200 산업재,http://marketdata.krx.co.kr/contents/COM/GenerateOTP.jspx?name=fileDown&filetype=xls&url=MKD/13/1301/13010102/mkd13010102&type=3&ind_type=1159&period_strt_dd=20190419&period_end_dd=20190426&pagePath=%2Fcontents%2FMKD%2F13%2F1301%2F13010102%2FMKD13010102.jsp,1159
코스피 200 헬스케어,http://marketdata.krx.co.kr/contents/COM/GenerateOTP.jspx?name=fileDown&filetype=xls&url=MKD/13/1301/13010102/mkd13010102&type=3&ind_type=1160&period_strt_dd=20190419&period_end_dd=20190426&pagePath=%2Fcontents%2FMKD%2F13%2F1301%2F13010102%2FMKD13010102.jsp,1160
코스피 대형주 ,http://marketdata.krx.co.kr/contents/COM/GenerateOTP.jspx?name=fileDown&filetype=xls&url=MKD/13/1301/13010102/mkd13010102&type=3&ind_type=1002&period_strt_dd=20190419&period_end_dd=20190426&pagePath=%2Fcontents%2FMKD%2F13%2F1301%2F13010102%2FMKD13010102.jsp,1002
코스피 중형주 ,http://marketdata.krx.co.kr/contents/COM/GenerateOTP.jspx?name=fileDown&filetype=xls&url=MKD/13/1301/13010102/mkd13010102&type=3&ind_type=1003&period_strt_dd=20190419&period_end_dd=20190426&pagePath=%2Fcontents%2FMKD%2F13%2F1301%2F13010102%2FMKD13010102.jsp,1003
코스피 소형주 ,http://marketdata.krx.co.kr/contents/COM/GenerateOTP.jspx?name=fileDown&filetype=xls&url=MKD/13/1301/13010102/mkd13010102&type=3&ind_type=1004&period_strt_dd=20190419&period_end_dd=20190426&pagePath=%2Fcontents%2FMKD%2F13%2F1301%2F13010102%2FMKD13010102.jsp,1004
코스닥 ,http://marketdata.krx.co.kr/contents/COM/GenerateOTP.jspx?name=fileDown&filetype=xls&url=MKD/13/1301/13010102/mkd13010102&type=4&ind_type=2001&period_strt_dd=20190419&period_end_dd=20190426&pagePath=%2Fcontents%2FMKD%2F13%2F1301%2F13010102%2FMKD13010102.jsp,2001
코스닥 150 ,http://marketdata.krx.co.kr/contents/COM/GenerateOTP.jspx?name=fileDown&filetype=xls&url=MKD/13/1301/13010102/mkd13010102&type=4&ind_type=2203&period_strt_dd=20190419&period_end_dd=20190426&pagePath=%2Fcontents%2FMKD%2F13%2F1301%2F13010102%2FMKD13010102.jsp,2203
코스닥 제조 ,http://marketdata.krx.co.kr/contents/COM/GenerateOTP.jspx?name=fileDown&filetype=xls&url=MKD/13/1301/13010102/mkd13010102&type=4&ind_type=2024&period_strt_dd=20190419&period_end_dd=20190426&pagePath=%2Fcontents%2FMKD%2F13%2F1301%2F13010102%2FMKD13010102.jsp,2024
코스닥 음식료 담배 ,http://marketdata.krx.co.kr/contents/COM/GenerateOTP.jspx?name=fileDown&filetype=xls&url=MKD/13/1301/13010102/mkd13010102&type=4&ind_type=2056&period_strt_dd=20190419&period_end_dd=20190426&pagePath=%2Fcontents%2FMKD%2F13%2F1301%2F13010102%2FMKD13010102.jsp,2056
코스닥 섬유 의류 ,http://marketdata.krx.co.kr/contents/COM/GenerateOTP.jspx?name=fileDown&filetype=xls&url=MKD/13/1301/13010102/mkd13010102&type=4&ind_type=2058&period_strt_dd=20190419&period_end_dd=20190426&pagePath=%2Fcontents%2FMKD%2F13%2F1301%2F13010102%2FMKD13010102.jsp,2058
코스닥 종이 목재 ,http://marketdata.krx.co.kr/contents/COM/GenerateOTP.jspx?name=fileDown&filetype=xls&url=MKD/13/1301/13010102/mkd13010102&type=4&ind_type=2062&period_strt_dd=20190419&period_end_dd=20190426&pagePath=%2Fcontents%2FMKD%2F13%2F1301%2F13010102%2FMKD13010102.jsp,2062
코스닥 출판 매체복제 ,http://marketdata.krx.co.kr/contents/COM/GenerateOTP.jspx?name=fileDown&filetype=xls&url=MKD/13/1301/13010102/mkd13010102&type=4&ind_type=2063&period_strt_dd=20190419&period_end_dd=20190426&pagePath=%2Fcontents%2FMKD%2F13%2F1301%2F13010102%2FMKD13010102.jsp,2063
코스닥 화학 ,http://marketdata.krx.co.kr/contents/COM/GenerateOTP.jspx?name=fileDown&filetype=xls&url=MKD/13/1301/13010102/mkd13010102&type=4&ind_type=2065&period_strt_dd=20190419&period_end_dd=20190426&pagePath=%2Fcontents%2FMKD%2F13%2F1301%2F13010102%2FMKD13010102.jsp,2065
코스닥 제약 ,http://marketdata.krx.co.kr/contents/COM/GenerateOTP.jspx?name=fileDown&filetype=xls&url=MKD/13/1301/13010102/mkd13010102&type=4&ind_type=2066&period_strt_dd=20190419&period_end_dd=20190426&pagePath=%2Fcontents%2FMKD%2F13%2F1301%2F13010102%2FMKD13010102.jsp,2066
코스닥 비금속 ,http://marketdata.krx.co.kr/contents/COM/GenerateOTP.jspx?name=fileDown&filetype=xls&url=MKD/13/1301/13010102/mkd13010102&type=4&ind_type=2067&period_strt_dd=20190419&period_end_dd=20190426&pagePath=%2Fcontents%2FMKD%2F13%2F1301%2F13010102%2FMKD13010102.jsp,2067
코스닥 금속 ,http://marketdata.krx.co.kr/contents/COM/GenerateOTP.jspx?name=fileDown&filetype=xls&url=MKD/13/1301/13010102/mkd13010102&type=4&ind_type=2068&period_strt_dd=20190419&period_end_dd=20190426&pagePath=%2Fcontents%2FMKD%2F13%2F1301%2F13010102%2FMKD13010102.jsp,2068
코스닥 기계 장비 ,http://marketdata.krx.co.kr/contents/COM/GenerateOTP.jspx?name=fileDown&filetype=xls&url=MKD/13/1301/13010102/mkd13010102&type=4&ind_type=2070&period_strt_dd=20190419&period_end_dd=20190426&pagePath=%2Fcontents%2FMKD%2F13%2F1301%2F13010102%2FMKD13010102.jsp,2070
코스닥 일반전기전자 ,http://marketdata.krx.co.kr/contents/COM/GenerateOTP.jspx?name=fileDown&filetype=xls&url=MKD/13/1301/13010102/mkd13010102&type=4&ind_type=2072&period_strt_dd=20190419&period_end_dd=20190426&pagePath=%2Fcontents%2FMKD%2F13%2F1301%2F13010102%2FMKD13010102.jsp,2072
코스닥 의료 정밀기기 ,http://marketdata.krx.co.kr/contents/COM/GenerateOTP.jspx?name=fileDown&filetype=xls&url=MKD/13/1301/13010102/mkd13010102&type=4&ind_type=2074&period_strt_dd=20190419&period_end_dd=20190426&pagePath=%2Fcontents%2FMKD%2F13%2F1301%2F13010102%2FMKD13010102.jsp,2074
코스닥 운송장비 부품 ,http://marketdata.krx.co.kr/contents/COM/GenerateOTP.jspx?name=fileDown&filetype=xls&url=MKD/13/1301/13010102/mkd13010102&type=4&ind_type=2075&period_strt_dd=20190419&period_end_dd=20190426&pagePath=%2Fcontents%2FMKD%2F13%2F1301%2F13010102%2FMKD13010102.jsp,2075
코스닥 기타 제조 ,http://marketdata.krx.co.kr/contents/COM/GenerateOTP.jspx?name=fileDown&filetype=xls&url=MKD/13/1301/13010102/mkd13010102&type=4&ind_type=2077&period_strt_dd=20190419&period_end_dd=20190426&pagePath=%2Fcontents%2FMKD%2F13%2F1301%2F13010102%2FMKD13010102.jsp,2077
코스닥 건설 ,http://marketdata.krx.co.kr/contents/COM/GenerateOTP.jspx?name=fileDown&filetype=xls&url=MKD/13/1301/13010102/mkd13010102&type=4&ind_type=2026&period_strt_dd=20190419&period_end_dd=20190426&pagePath=%2Fcontents%2FMKD%2F13%2F1301%2F13010102%2FMKD13010102.jsp,2026
코스닥 유통 ,http://marketdata.krx.co.kr/contents/COM/GenerateOTP.jspx?name=fileDown&filetype=xls&url=MKD/13/1301/13010102/mkd13010102&type=4&ind_type=2027&period_strt_dd=20190419&period_end_dd=20190426&pagePath=%2Fcontents%2FMKD%2F13%2F1301%2F13010102%2FMKD13010102.jsp,2027
코스닥 운송장비 부품 ,http://marketdata.krx.co.kr/contents/COM/GenerateOTP.jspx?name=fileDown&filetype=xls&url=MKD/13/1301/13010102/mkd13010102&type=4&ind_type=2029&period_strt_dd=20190419&period_end_dd=20190426&pagePath=%2Fcontents%2FMKD%2F13%2F1301%2F13010102%2FMKD13010102.jsp,2029
코스닥 금융 ,http://marketdata.krx.co.kr/contents/COM/GenerateOTP.jspx?name=fileDown&filetype=xls&url=MKD/13/1301/13010102/mkd13010102&type=4&ind_type=2031&period_strt_dd=20190419&period_end_dd=20190426&pagePath=%2Fcontents%2FMKD%2F13%2F1301%2F13010102%2FMKD13010102.jsp,2031
코스닥 오락 문화 ,http://marketdata.krx.co.kr/contents/COM/GenerateOTP.jspx?name=fileDown&filetype=xls&url=MKD/13/1301/13010102/mkd13010102&type=4&ind_type=2037&period_strt_dd=20190419&period_end_dd=20190426&pagePath=%2Fcontents%2FMKD%2F13%2F1301%2F13010102%2FMKD13010102.jsp,2037
코스닥 기타서비스 ,http://marketdata.krx.co.kr/contents/COM/GenerateOTP.jspx?name=fileDown&filetype=xls&url=MKD/13/1301/13010102/mkd13010102&type=4&ind_type=2012&period_strt_dd=20190419&period_end_dd=20190426&pagePath=%2Fcontents%2FMKD%2F13%2F1301%2F13010102%2FMKD13010102.jsp,2012
코스닥 IT ,http://marketdata.krx.co.kr/contents/COM/GenerateOTP.jspx?name=fileDown&filetype=xls&url=MKD/13/1301/13010102/mkd13010102&type=4&ind_type=2015&period_strt_dd=20190419&period_end_dd=20190426&pagePath=%2Fcontents%2FMKD%2F13%2F1301%2F13010102%2FMKD13010102.jsp,2015
코스닥 통신방송서비스 ,http://marketdata.krx.co.kr/contents/COM/GenerateOTP.jspx?name=fileDown&filetype=xls&url=MKD/13/1301/13010102/mkd13010102&type=4&ind_type=2041&period_strt_dd=20190419&period_end_dd=20190426&pagePath=%2Fcontents%2FMKD%2F13%2F1301%2F13010102%2FMKD13010102.jsp,2041
코스닥 통신서비스 ,http://marketdata.krx.co.kr/contents/COM/GenerateOTP.jspx?name=fileDown&filetype=xls&url=MKD/13/1301/13010102/mkd13010102&type=4&ind_type=2151&period_strt_dd=20190419&period_end_dd=20190426&pagePath=%2Fcontents%2FMKD%2F13%2F1301%2F13010102%2FMKD13010102.jsp,2151
코스닥 방송서비스 ,http://marketdata.krx.co.kr/contents/COM/GenerateOTP.jspx?name=fileDown&filetype=xls&url=MKD/13/1301/13010102/mkd13010102&type=4&ind_type=2152&period_strt_dd=20190419&period_end_dd=20190426&pagePath=%2Fcontents%2FMKD%2F13%2F1301%2F13010102%2FMKD13010102.jsp,2152
코스닥 IT S/W & SVC ,http://marketdata.krx.co.kr/contents/COM/GenerateOTP.jspx?name=fileDown&filetype=xls&url=MKD/13/1301/13010102/mkd13010102&type=4&ind_type=2042&period_strt_dd=20190419&period_end_dd=20190426&pagePath=%2Fcontents%2FMKD%2F13%2F1301%2F13010102%2FMKD13010102.jsp,2042
코스닥 인터넷 ,http://marketdata.krx.co.kr/contents/COM/GenerateOTP.jspx?name=fileDown&filetype=xls&url=MKD/13/1301/13010102/mkd13010102&type=4&ind_type=2153&period_strt_dd=20190419&period_end_dd=20190426&pagePath=%2Fcontents%2FMKD%2F13%2F1301%2F13010102%2FMKD13010102.jsp,2153
코스닥 디지털컨텐츠 ,http://marketdata.krx.co.kr/contents/COM/GenerateOTP.jspx?name=fileDown&filetype=xls&url=MKD/13/1301/13010102/mkd13010102&type=4&ind_type=2154&period_strt_dd=20190419&period_end_dd=20190426&pagePath=%2Fcontents%2FMKD%2F13%2F1301%2F13010102%2FMKD13010102.jsp,2154
코스닥 소프트웨어 ,http://marketdata.krx.co.kr/contents/COM/GenerateOTP.jspx?name=fileDown&filetype=xls&url=MKD/13/1301/13010102/mkd13010102&type=4&ind_type=2155&period_strt_dd=20190419&period_end_dd=20190426&pagePath=%2Fcontents%2FMKD%2F13%2F1301%2F13010102%2FMKD13010102.jsp,2155
코스닥 컴퓨터서비스 ,http://marketdata.krx.co.kr/contents/COM/GenerateOTP.jspx?name=fileDown&filetype=xls&url=MKD/13/1301/13010102/mkd13010102&type=4&ind_type=2156&period_strt_dd=20190419&period_end_dd=20190426&pagePath=%2Fcontents%2FMKD%2F13%2F1301%2F13010102%2FMKD13010102.jsp,2156
코스닥 IT H/W ,http://marketdata.krx.co.kr/contents/COM/GenerateOTP.jspx?name=fileDown&filetype=xls&url=MKD/13/1301/13010102/mkd13010102&type=4&ind_type=2043&period_strt_dd=20190419&period_end_dd=20190426&pagePath=%2Fcontents%2FMKD%2F13%2F1301%2F13010102%2FMKD13010102.jsp,2043
코스닥 통신장비 ,http://marketdata.krx.co.kr/contents/COM/GenerateOTP.jspx?name=fileDown&filetype=xls&url=MKD/13/1301/13010102/mkd13010102&type=4&ind_type=2157&period_strt_dd=20190419&period_end_dd=20190426&pagePath=%2Fcontents%2FMKD%2F13%2F1301%2F13010102%2FMKD13010102.jsp,2157
코스닥 정보기기 ,http://marketdata.krx.co.kr/contents/COM/GenerateOTP.jspx?name=fileDown&filetype=xls&url=MKD/13/1301/13010102/mkd13010102&type=4&ind_type=2158&period_strt_dd=20190419&period_end_dd=20190426&pagePath=%2Fcontents%2FMKD%2F13%2F1301%2F13010102%2FMKD13010102.jsp,2158
코스닥 반도체 ,http://marketdata.krx.co.kr/contents/COM/GenerateOTP.jspx?name=fileDown&filetype=xls&url=MKD/13/1301/13010102/mkd13010102&type=4&ind_type=2159&period_strt_dd=20190419&period_end_dd=20190426&pagePath=%2Fcontents%2FMKD%2F13%2F1301%2F13010102%2FMKD13010102.jsp,2159
코스닥 IT부품 ,http://marketdata.krx.co.kr/contents/COM/GenerateOTP.jspx?name=fileDown&filetype=xls&url=MKD/13/1301/13010102/mkd13010102&type=4&ind_type=2160&period_strt_dd=20190419&period_end_dd=20190426&pagePath=%2Fcontents%2FMKD%2F13%2F1301%2F13010102%2FMKD13010102.jsp,2160
코스닥 150 기술주,http://marketdata.krx.co.kr/contents/COM/GenerateOTP.jspx?name=fileDown&filetype=xls&url=MKD/13/1301/13010102/mkd13010102&type=4&ind_type=2211&period_strt_dd=20190419&period_end_dd=20190426&pagePath=%2Fcontents%2FMKD%2F13%2F1301%2F13010102%2FMKD13010102.jsp,2211
코스닥 150 소재,http://marketdata.krx.co.kr/contents/COM/GenerateOTP.jspx?name=fileDown&filetype=xls&url=MKD/13/1301/13010102/mkd13010102&type=4&ind_type=2212&period_strt_dd=20190419&period_end_dd=20190426&pagePath=%2Fcontents%2FMKD%2F13%2F1301%2F13010102%2FMKD13010102.jsp,2212
코스닥 150 산업재,http://marketdata.krx.co.kr/contents/COM/GenerateOTP.jspx?name=fileDown&filetype=xls&url=MKD/13/1301/13010102/mkd13010102&type=4&ind_type=2213&period_strt_dd=20190419&period_end_dd=20190426&pagePath=%2Fcontents%2FMKD%2F13%2F1301%2F13010102%2FMKD13010102.jsp,2213
코스닥 150 필수소비재,http://marketdata.krx.co.kr/contents/COM/GenerateOTP.jspx?name=fileDown&filetype=xls&url=MKD/13/1301/13010102/mkd13010102&type=4&ind_type=2214&period_strt_dd=20190419&period_end_dd=20190426&pagePath=%2Fcontents%2FMKD%2F13%2F1301%2F13010102%2FMKD13010102.jsp,2214
코스닥 150 자유소비재,http://marketdata.krx.co.kr/contents/COM/GenerateOTP.jspx?name=fileDown&filetype=xls&url=MKD/13/1301/13010102/mkd13010102&type=4&ind_type=2215&period_strt_dd=20190419&period_end_dd=20190426&pagePath=%2Fcontents%2FMKD%2F13%2F1301%2F13010102%2FMKD13010102.jsp,2215
코스닥 150 정보기술,http://marketdata.krx.co.kr/contents/COM/GenerateOTP.jspx?name=fileDown&filetype=xls&url=MKD/13/1301/13010102/mkd13010102&type=4&ind_type=2216&period_strt_dd=20190419&period_end_dd=20190426&pagePath=%2Fcontents%2FMKD%2F13%2F1301%2F13010102%2FMKD13010102.jsp,2216
코스닥 150 생명기술,http://marketdata.krx.co.kr/contents/COM/GenerateOTP.jspx?name=fileDown&filetype=xls&url=MKD/13/1301/13010102/mkd13010102&type=4&ind_type=2217&period_strt_dd=20190419&period_end_dd=20190426&pagePath=%2Fcontents%2FMKD%2F13%2F1301%2F13010102%2FMKD13010102.jsp,2217
코스닥 150 문화기술,http://marketdata.krx.co.kr/contents/COM/GenerateOTP.jspx?name=fileDown&filetype=xls&url=MKD/13/1301/13010102/mkd13010102&type=4&ind_type=2218&period_strt_dd=20190419&period_end_dd=20190426&pagePath=%2Fcontents%2FMKD%2F13%2F1301%2F13010102%2FMKD13010102.jsp,2218
코스닥 150 대형주,http://marketdata.krx.co.kr/contents/COM/GenerateOTP.jspx?name=fileDown&filetype=xls&url=MKD/13/1301/13010102/mkd13010102&type=4&ind_type=2002&period_strt_dd=20190419&period_end_dd=20190426&pagePath=%2Fcontents%2FMKD%2F13%2F1301%2F13010102%2FMKD13010102.jsp,2002
코스닥 150 중형주,http://marketdata.krx.co.kr/contents/COM/GenerateOTP.jspx?name=fileDown&filetype=xls&url=MKD/13/1301/13010102/mkd13010102&type=4&ind_type=2003&period_strt_dd=20190419&period_end_dd=20190426&pagePath=%2Fcontents%2FMKD%2F13%2F1301%2F13010102%2FMKD13010102.jsp,2003
코스닥 150 소형주,http://marketdata.krx.co.kr/contents/COM/GenerateOTP.jspx?name=fileDown&filetype=xls&url=MKD/13/1301/13010102/mkd13010102&type=4&ind_type=2004&period_strt_dd=20190419&period_end_dd=20190426&pagePath=%2Fcontents%2FMKD%2F13%2F1301%2F13010102%2FMKD13010102.jsp,2004
코스닥 150 우량기업부,http://marketdata.krx.co.kr/contents/COM/GenerateOTP.jspx?name=fileDown&filetype=xls&url=MKD/13/1301/13010102/mkd13010102&type=4&ind_type=2181&period_strt_dd=20190419&period_end_dd=20190426&pagePath=%2Fcontents%2FMKD%2F13%2F1301%2F13010102%2FMKD13010102.jsp,2181
코스닥 150 벤처기업부,http://marketdata.krx.co.kr/contents/COM/GenerateOTP.jspx?name=fileDown&filetype=xls&url=MKD/13/1301/13010102/mkd13010102&type=4&ind_type=2182&period_strt_dd=20190419&period_end_dd=20190426&pagePath=%2Fcontents%2FMKD%2F13%2F1301%2F13010102%2FMKD13010102.jsp,2182
코스닥 150 중견기업부,http://marketdata.krx.co.kr/contents/COM/GenerateOTP.jspx?name=fileDown&filetype=xls&url=MKD/13/1301/13010102/mkd13010102&type=4&ind_type=2183&period_strt_dd=20190419&period_end_dd=20190426&pagePath=%2Fcontents%2FMKD%2F13%2F1301%2F13010102%2FMKD13010102.jsp,2183
코스닥 150 기술성장기업부,http://marketdata.krx.co.kr/contents/COM/GenerateOTP.jspx?name=fileDown&filetype=xls&url=MKD/13/1301/13010102/mkd13010102&type=4&ind_type=2184&period_strt_dd=20190419&period_end_dd=20190426&pagePath=%2Fcontents%2FMKD%2F13%2F1301%2F13010102%2FMKD13010102.jsp,2184
