,name,section
A000250,삼천당제약,1
A000440,중앙에너비스,1
A001000,신라섬유,1
A001540,안국약품,1
A001810,무림SP,1
A001840,이화공영,1
A002230,피에스텍,1
A002290,삼일기업공사,1
A002680,한탑,1
A002800,신신제약,1
A003100,선광,1
A003310,대주산업,1
A003380,하림지주,1
A003670,포스코케미칼,1
A003800,에이스침대,1
A004590,한국가구,1
A004650,창해에탄올,1
A004780,대륙제관,1
A005160,동국산업,1
A005290,동진쎄미켐,1
A005670,푸드웰,1
A005710,대원산업,1
A005860,한일사료,1
A005990,매일홀딩스,1
A006050,국영지앤엠,1
A006140,피제이전자,1
A006580,대양제지,1
A006620,동구바이오제약,1
A006730,서부T&D,1
A006910,보성파워텍,1
A006920,모헨즈,1
A007330,푸른저축은행,1
A007370,진양제약,1
A007390,네이처셀,1
A007530,영신금속,1
A007680,대원,1
A007720,대명코퍼레이션,1
A007770,한일화학,1
A007820,에스엠코어,1
A008290,원풍물산,1
A008370,원풍,1
A008470,부스타,1
A008800,스튜디오썸머,1
A008830,대동기어,1
A009300,삼아제약,1
A009520,포스코엠텍,1
A009620,삼보산업,1
A009730,코센,1
A009780,엠에스씨,1
A010170,대한광통신,1
A010240,흥국,1
A010280,쌍용정보통신,1
A010470,오리콤,1
A011040,경동제약,1
A011080,형지I&C,1
A011320,유니크,1
A011370,서한,1
A011560,세보엠이씨,1
A012340,뉴인텍,1
A012620,원일특강,1
A012700,리드코프,1
A012790,신일제약,1
A012860,서연전자,1
A013030,하이록코리아,1
A013120,동원개발,1
A013310,아진산업,1
A013720,청보산업,1
A013810,스페코,1
A013990,아가방컴퍼니,1
A014100,보령메디앙스,1
A014190,원익큐브,1
A014200,광림,1
A014470,부방,1
A014570,고려제약,1
A014620,성광벤드,1
A014940,오리엔탈정공,1
A014970,삼륭물산,1
A015710,코콤,1
A015750,성우하이텍,1
A016100,리더스코스메틱,1
A016250,이테크건설,1
A016600,큐캐피탈,1
A016670,포비스티앤씨,1
A016790,현대사료,1
A016920,카스,1
A017000,신원종합개발,1
A017250,인터엠,1
A017480,삼현철강,1
A017510,세명전기,1
A017650,대림제지,1
A017680,데코앤이,1
A017890,한국알콜,1
A018000,유니슨,1
A018120,진로발효,1
A018290,지엠피,1
A018310,삼목에스폼,1
A018620,우진비앤지,1
A018680,서울제약,1
A018700,바른손,1
A019010,그랜드백화점,1
A019210,와이지-원,1
A019540,일지테크,1
A019550,SBI인베스트먼트,1
A019570,제미니투자,1
A019590,엠벤처투자,1
A019660,글로본,1
A019770,서연탑메탈,1
A019990,에너토크,1
A020180,대신정보통신,1
A020400,대동금속,1
A020710,시공테크,1
A021040,대호피앤씨,1
A021045,대호피앤씨우,1
A021080,에이티넘인베스트,1
A021320,KCC건설,1
A021650,한국큐빅,1
A021880,메이슨캐피탈,1
A022100,포스코 ICT,1
A022220,정산애강,1
A023160,태광,1
A023410,유진기업,1
A023440,제일제강,1
A023460,CNH,1
A023600,삼보판지,1
A023760,한국캐피탈,1
A023770,플레이위드,1
A023790,동일철강,1
A023890,아트라스BX,1
A023900,풍국주정,1
A023910,대한약품,1
A024060,흥구석유,1
A024120,KB오토시스,1
A024740,한일단조,1
A024800,유성티엔에스,1
A024810,이화전기,1
A024830,세원물산,1
A024840,갑을메탈,1
A024850,피에스엠씨,1
A024880,케이피에프,1
A024910,경창산업,1
A024940,PN풍년,1
A024950,삼천리자전거,1
A025320,시노펙스,1
A025440,대성엘텍,1
A025550,한국선재,1
A025770,한국정보통신,1
A025870,신라에스지,1
A025880,케이씨피드,1
A025900,동화기업,1
A025950,동신건설,1
A025980,아난티,1
A026040,제이에스티나,1
A026150,특수건설,1
A026180,현대정보기술,1
A026910,광진실업,1
A027040,서울전자통신,1
A027050,코리아나,1
A027360,아주IB투자,1
A027580,상보,1
A027710,팜스토리,1
A027830,대성창투,1
A028040,미래SCI,1
A028080,휴맥스홀딩스,1
A028150,GS홈쇼핑,1
A028300,에이치엘비,1
A029480,바른테크놀로지,1
A029960,코엔텍,1
A030190,NICE평가정보,1
A030270,에스마크,1
A030350,드래곤플라이,1
A030520,한글과컴퓨터,1
A030530,원익홀딩스,1
A030960,양지사,1
A031310,아이즈비전,1
A031330,에스에이엠티,1
A031390,녹십자셀,1
A031510,오스템,1
A031860,엔에스엔,1
A031980,피에스케이,1
A032080,아즈텍WB,1
A032190,다우데이타,1
A032280,삼일,1
A032500,케이엠더블유,1
A032540,TJ미디어,1
A032580,피델릭스,1
A032620,유비케어,1
A032680,소프트센,1
A032685,소프트센우,1
A032750,삼진,1
A032790,엠젠플러스,1
A032800,판타지오,1
A032820,우리기술,1
A032850,비트컴퓨터,1
A032860,GMR 머티리얼즈,1
A032940,원익,1
A032960,동일기연,1
A032980,바이온,1
A033050,제이엠아이,1
A033100,제룡전기,1
A033110,이디,1
A033130,디지틀조선,1
A033160,엠케이전자,1
A033170,시그네틱스,1
A033200,모아텍,1
A033230,인성정보,1
A033290,코웰패션,1
A033310,디케이디앤아이,1
A033320,제이씨현시스템,1
A033340,좋은사람들,1
A033430,디에스티,1
A033500,동성화인텍,1
A033540,파라텍,1
A033560,블루콤,1
A033600,에이코넬,1
A033640,네패스,1
A033790,스카이문스테크놀로지,1
A033830,티비씨,1
A034230,파라다이스,1
A034810,해성산업,1
A034940,조아제약,1
A034950,한국기업평가,1
A035080,인터파크홀딩스,1
A035200,프럼파스트,1
A035290,더블유에프엠,1
A035460,기산텔레콤,1
A035480,마제스타,1
A035600,KG이니시스,1
A035610,솔본,1
A035620,바른손이앤에이,1
A035760,CJ ENM,1
A035810,이지바이오,1
A035890,서희건설,1
A035900,JYP Ent.,1
A036000,예림당,1
A036010,아비코전자,1
A036030,KTH,1
A036090,위지트,1
A036120,SCI평가정보,1
A036170,씨티젠,1
A036180,영인프런티어,1
A036190,금화피에스시,1
A036200,유니셈,1
A036260,이매진아시아,1
A036420,제이콘텐트리,1
A036480,대성미생물,1
A036490,SK머티리얼즈,1
A036540,SFA반도체,1
A036560,영풍정밀,1
A036620,버추얼텍,1
A036630,세종텔레콤,1
A036640,HRS,1
A036670,KCI,1
A036690,코맥스,1
A036710,심텍홀딩스,1
A036800,나이스정보통신,1
A036810,에프에스티,1
A036830,솔브레인,1
A036890,진성티이씨,1
A036930,주성엔지니어링,1
A037030,파워넷,1
A037070,파세코,1
A037230,한국팩키지,1
A037330,인지디스플레,1
A037350,성도이엔지,1
A037370,EG,1
A037400,우리조명,1
A037440,희림,1
A037460,삼지전자,1
A037760,쎄니트,1
A037950,엘컴텍,1
A038010,제일테크노스,1
A038060,루멘스,1
A038070,서린바이오,1
A038110,에코플라스틱,1
A038160,팍스넷,1
A038290,마크로젠,1
A038340,UCI,1
A038390,레드캡투어,1
A038460,바이오스마트,1
A038500,삼표시멘트,1
A038530,골드퍼시픽,1
A038540,상상인,1
A038620,위즈코프,1
A038680,에스넷,1
A038870,에코바이오,1
A038880,아이에이,1
A038950,파인디지털,1
A039010,현대통신,1
A039020,이건홀딩스,1
A039030,이오테크닉스,1
A039200,오스코텍,1
A039230,에이아이비트,1
A039240,경남스틸,1
A039290,인포뱅크,1
A039310,세중,1
A039340,한국경제TV,1
A039420,케이엘넷,1
A039440,에스티아이,1
A039560,다산네트웍스,1
A039610,화성밸브,1
A039670,한류타임즈,1
A039740,한국정보공학,1
A039830,오로라,1
A039840,디오,1
A039860,나노엔텍,1
A039980,리노스,1
A040160,누리텔레콤,1
A040300,YTN,1
A040350,큐로컴,1
A040420,정상제이엘에스,1
A040610,SG&G,1
A040910,아이씨디,1
A041020,인프라웨어,1
A041140,넥슨지티,1
A041190,우리기술투자,1
A041440,에버다임,1
A041460,한국전자인증,1
A041510,에스엠,1
A041520,이라이콤,1
A041590,에너전트,1
A041830,인바디,1
A041910,에스텍파마,1
A041920,메디아나,1
A041930,동아화성,1
A041960,코미팜,1
A042000,카페24,1
A042040,케이피엠테크,1
A042110,에스씨디,1
A042370,비츠로테크,1
A042420,네오위즈홀딩스,1
A042500,링네트,1
A042510,라온시큐어,1
A042520,한스바이오메드,1
A042600,새로닉스,1
A042940,상지카일룸,1
A043090,팜스웰바이오,1
A043100,솔고바이오,1
A043150,바텍,1
A043200,파루,1
A043220,에이치엘비파워,1
A043260,성호전자,1
A043290,케이맥,1
A043340,에쎈테크,1
A043360,디지아이,1
A043370,평화정공,1
A043590,크로바하이텍,1
A043610,지니뮤직,1
A043650,국순당,1
A043710,서울리거,1
A043910,자연과환경,1
A044060,조광ILI,1
A044180,KD건설,1
A044340,위닉스,1
A044480,바이오제네틱스,1
A044490,태웅,1
A044780,에이치케이,1
A044960,이글벳,1
A045060,오공,1
A045100,한양이엔지,1
A045300,성우테크론,1
A045340,토탈소프트,1
A045390,대아티아이,1
A045510,정원엔시스,1
A045520,크린앤사이언스,1
A045660,에이텍,1
A045890,GV,1
A045970,코아시아,1
A046070,코다코,1
A046110,한일네트웍스,1
A046120,오르비텍,1
A046140,SBS콘텐츠허브,1
A046210,파나진,1
A046310,백금T&A,1
A046390,삼화네트웍스,1
A046440,KG모빌리언스,1
A046890,서울반도체,1
A046940,우원개발,1
A046970,우리로,1
A047080,한빛소프트,1
A047310,파워로직스,1
A047560,이스트소프트,1
A047770,코데즈컴바인,1
A047820,초록뱀,1
A047920,씨트리,1
A048260,오스템임플란트,1
A048410,현대바이오,1
A048430,유라테크,1
A048470,대동스틸,1
A048530,인트론바이오,1
A048550,SM C&C,1
A048770,TPC,1
A048830,엔피케이,1
A048870,시너지이노베이션,1
A048910,대원미디어,1
A049070,인탑스,1
A049080,기가레인,1
A049120,파인디앤씨,1
A049180,셀루메드,1
A049430,코메론,1
A049470,SGA,1
A049480,오픈베이스,1
A049520,유아이엘,1
A049550,잉크테크,1
A049630,재영솔루텍,1
A049720,고려신용정보,1
A049830,승일,1
A049950,미래컴퍼니,1
A049960,쎌바이오텍,1
A050090,휘닉스소재,1
A050110,캠시스,1
A050120,라이브플렉스,1
A050320,에이앤티앤,1
A050540,한국코퍼레이션,1
A050760,에스폴리텍,1
A050860,아세아텍,1
A050890,쏠리드,1
A050960,수산아이앤티,1
A051160,지어소프트,1
A051360,토비스,1
A051370,인터플렉스,1
A051380,피씨디렉트,1
A051390,YW,1
A051490,나라엠앤디,1
A051500,CJ프레시웨이,1
A051780,큐로홀딩스,1
A051980,중앙리빙테크,1
A052020,에스티큐브,1
A052190,이에스에이,1
A052220,iMBC,1
A052260,SK바이오랜드,1
A052300,W홀딩컴퍼니,1
A052330,코텍,1
A052400,코나아이,1
A052420,오성첨단소재,1
A052460,아이크래프트,1
A052600,한네트,1
A052670,제일바이오,1
A052710,아모텍,1
A052770,와이디온라인,1
A052790,액토즈소프트,1
A052860,아이앤씨,1
A052900,KMH하이텍,1
A053030,바이넥스,1
A053050,지에스이,1
A053060,세동,1
A053110,소리바다,1
A053160,프리엠스,1
A053260,금강철강,1
A053270,구영테크,1
A053280,예스24,1
A053290,NE능률,1
A053300,한국정보인증,1
A053350,이니텍,1
A053450,세코닉스,1
A053580,웹케시,1
A053590,한국테크놀로지,1
A053610,프로텍,1
A053620,태양,1
A053660,현진소재,1
A053700,삼보모터스,1
A053800,안랩,1
A053950,경남제약,1
A053980,오상자이엘,1
A054040,한국컴퓨터,1
A054050,농우바이오,1
A054090,삼진엘앤디,1
A054180,중앙오션,1
A054210,이랜텍,1
A054220,비츠로시스,1
A054300,팬스타엔터프라이즈,1
A054340,피앤텔,1
A054410,케이피티유,1
A054450,텔레칩스,1
A054540,삼영엠텍,1
A054620,APS홀딩스,1
A054630,에이디칩스,1
A054670,대한뉴팜,1
A054780,키이스트,1
A054800,아이디스홀딩스,1
A054920,한컴시큐어,1
A054930,유신,1
A054940,엑사이엔씨,1
A054950,제이브이엠,1
A056000,신스타임즈,1
A056080,유진로봇,1
A056090,유앤아이,1
A056190,에스에프에이,1
A056360,코위버,1
A056700,신화인터텍,1
A056730,포스링크,1
A057030,와이비엠넷,1
A057500,SKC 솔믹스,1
A057540,옴니시스템,1
A057680,옴니텔,1
A057880,토필드,1
A058110,멕아이씨에스,1
A058220,아리온,1
A058400,KNN,1
A058420,제이웨이,1
A058450,일야,1
A058470,리노공업,1
A058530,슈펙스비앤피,1
A058610,에스피지,1
A058630,엠게임,1
A058820,CMG제약,1
A059090,미코,1
A059100,아이컴포넌트,1
A059120,아진엑스텍,1
A059210,메타바이오메드,1
A060150,인선이엔티,1
A060230,이그잭스,1
A060240,룽투코리아,1
A060250,NHN한국사이버결제,1
A060260,뉴보텍,1
A060280,큐렉소,1
A060300,레드로버,1
A060310,3S,1
A060370,KT서브마린,1
A060380,동양에스텍,1
A060480,국일신동,1
A060540,에스에이티,1
A060560,홈센타홀딩스,1
A060570,아이리버,1
A060590,씨티씨바이오,1
A060720,KH바텍,1
A060900,퍼시픽바이오,1
A061040,알에프텍,1
A061250,화일약품,1
A061970,엘비세미콘,1
A062860,티엘아이,1
A063080,게임빌,1
A063170,서울옥션,1
A063440,SM Life Design,1
A063570,한국전자금융,1
A063760,이엘피,1
A064090,에프앤리퍼블릭,1
A064240,홈캐스트,1
A064260,다날,1
A064290,인텍플러스,1
A064480,브리지텍,1
A064510,에코마이스터,1
A064520,바른전자,1
A064550,바이오니아,1
A064760,티씨케이,1
A064800,필링크,1
A064820,케이프,1
A065060,지엔코,1
A065130,탑엔지니어링,1
A065150,MP그룹,1
A065160,에프티이앤이,1
A065170,넥스트BT,1
A065350,신성델타테크,1
A065420,에스아이리소스,1
A065440,이루온,1
A065450,빅텍,1
A065500,오리엔트정공,1
A065510,휴비츠,1
A065530,전파기지국,1
A065560,녹원씨엔아이,1
A065570,삼영이엔씨,1
A065620,제낙스,1
A065650,메디프론,1
A065660,안트로젠,1
A065680,우주일렉트로,1
A065690,대진디엠피,1
A065710,서호전기,1
A065770,CS,1
A065940,바이오빌,1
A065950,웰크론,1
A066110,한프,1
A066130,하츠,1
A066310,큐에스아이,1
A066360,체리부로,1
A066410,버킷스튜디오,1
A066430,와이오엠,1
A066590,우수AMS,1
A066620,국보디자인,1
A066670,디스플레이텍,1
A066700,테라젠이텍스,1
A066790,씨씨에스,1
A066900,디에이피,1
A066910,손오공,1
A066970,엘앤에프,1
A066980,브레인콘텐츠,1
A067000,조이시티,1
A067010,이씨에스,1
A067080,대화제약,1
A067160,아프리카TV,1
A067170,오텍,1
A067280,멀티캠퍼스,1
A067290,JW신약,1
A067310,하나마이크론,1
A067390,아스트,1
A067570,엔브이에이치코리아,1
A067630,에이치엘비생명과학,1
A067730,로지시스,1
A067770,세진티에스,1
A067900,와이엔텍,1
A067920,이글루시큐리티,1
A067990,도이치모터스,1
A068050,팬엔터테인먼트,1
A068240,다원시스,1
A068330,일신바이오,1
A068760,셀트리온제약,1
A068790,DMS,1
A068930,디지털대성,1
A068940,아이씨케이,1
A069080,웹젠,1
A069110,코스온,1
A069140,누리플랜,1
A069330,유아이디,1
A069410,엔텔스,1
A069510,에스텍,1
A069540,라이트론,1
A069920,아이에스이커머스,1
A070300,한솔시큐어,1
A070590,한솔인티큐브,1
A071200,인피니트헬스케어,1
A071280,로체시스템즈,1
A071460,대유위니아,1
A071670,에이테크솔루션,1
A071850,캐스텍코리아,1
A072020,중앙백신,1
A072470,우리산업홀딩스,1
A072520,제넨바이오,1
A072770,네오디안테크놀로지,1
A072870,메가스터디,1
A072950,빛샘전자,1
A072990,에이치시티,1
A073010,케이에스피,1
A073070,에스모,1
A073110,엘엠에스,1
A073190,듀오백,1
A073490,이노와이어리스,1
A073540,에프알텍,1
A073560,우리손에프앤지,1
A073570,WI,1
A073640,삼원테크,1
A074430,아미노로직스,1
A074600,원익QnC,1
A075130,플랜티넷,1
A075970,동국알앤에스,1
A076080,웰크론한텍,1
A076610,해성옵틱스,1
A077280,한컴지엠디,1
A077360,덕산하이메탈,1
A078020,이베스트투자증권,1
A078070,유비쿼스홀딩스,1
A078130,국일제지,1
A078140,대봉엘에스,1
A078150,HB테크놀러지,1
A078160,메디포스트,1
A078340,컴투스,1
A078350,한양디지텍,1
A078590,두올산업,1
A078600,대주전자재료,1
A078650,코렌,1
A078860,아이오케이,1
A078890,가온미디어,1
A078940,코드네이처,1
A079000,와토스코리아,1
A079170,한창산업,1
A079190,EMW,1
A079370,제우스,1
A079650,서산,1
A079810,디이엔티,1
A079940,가비아,1
A079950,인베니아,1
A079960,동양이엔피,1
A079970,투비소프트,1
A080000,에스엔유,1
A080010,이상네트웍스,1
A080160,모두투어,1
A080220,제주반도체,1
A080420,모다이노칩,1
A080440,에스제이케이,1
A080470,성창오토텍,1
A080520,오디텍,1
A080530,코디,1
A080580,오킨스전자,1
A080720,한국유니온제약,1
A081150,티플랙스,1
A081580,성우전자,1
A082210,옵트론텍,1
A082270,젬백스,1
A082660,삼우엠스,1
A082800,루미마이크로,1
A082850,우리이티아이,1
A082920,비츠로셀,1
A083310,엘오티베큠,1
A083450,GST,1
A083470,KJ프리텍,1
A083500,에프엔에스테크,1
A083550,케이엠,1
A083640,인콘,1
A083650,비에이치아이,1
A083660,CSA 코스믹,1
A083790,크리스탈,1
A083930,아바코,1
A084110,휴온스글로벌,1
A084180,수성,1
A084370,유진테크,1
A084650,랩지노믹스,1
A084730,팅크웨어,1
A084990,바이로메드,1
A085370,루트로닉,1
A08537M,루트로닉3우C,1
A085660,차바이오텍,1
A085670,뉴프렉스,1
A085810,알티캐스트,1
A085910,네오티스,1
A086040,바이오톡스텍,1
A086060,진바이오텍,1
A086250,화신테크,1
A086390,유니테스트,1
A086450,동국제약,1
A086520,에코프로,1
A086670,비엠티,1
A086820,바이오솔루션,1
A086890,이수앱지스,1
A086900,메디톡스,1
A086960,한컴MDS,1
A086980,쇼박스,1
A087010,펩트론,1
A087260,모바일어플라이언스,1
A087600,픽셀플러스,1
A087730,네패스신소재,1
A088130,동아엘텍,1
A088290,이원컴포텍,1
A088390,이녹스,1
A088800,에이스테크,1
A088910,동우팜투테이블,1
A089010,켐트로닉스,1
A089030,테크윙,1
A089140,넥스턴,1
A089150,케이씨티,1
A089230,THE E&M,1
A089530,에이티세미콘,1
A089600,나스미디어,1
A089790,제이티,1
A089850,유비벨록스,1
A089890,코세스,1
A089970,에이피티씨,1
A089980,상아프론테크,1
A090150,광진윈텍,1
A090360,로보스타,1
A090410,덕신하우징,1
A090460,비에이치,1
A090470,제이스텍,1
A090710,디에스티로봇,1
A090740,연이정보통신,1
A090850,이지웰페어,1
A091120,이엠텍,1
A091340,S&K폴리텍,1
A091440,텔레필드,1
A091580,상신이디피,1
A091590,남화토건,1
A091700,파트론,1
A091970,나노캠텍,1
A091990,셀트리온헬스케어,1
A092040,아미코젠,1
A092070,디엔에프,1
A092130,이크레더블,1
A092300,현우산업,1
A092460,한라IMS,1
A092600,앤씨앤,1
A092730,네오팜,1
A092870,엑시콘,1
A093190,빅솔론,1
A093320,케이아이엔엑스,1
A093380,풍강,1
A093520,매커스,1
A093640,다믈멀티미디어,1
A093920,서원인텍,1
A094170,동운아나텍,1
A094190,이엘케이,1
A094360,칩스앤미디어,1
A094480,갤럭시아컴즈,1
A094820,일진파워,1
A094840,슈프리마에이치큐,1
A094850,참좋은여행,1
A094860,코닉글로리,1
A094940,푸른기술,1
A094970,제이엠티,1
A095190,이엠코리아,1
A095270,웨이브일렉트로,1
A095340,ISC,1
A095500,미래나노텍,1
A095610,테스,1
A095660,네오위즈,1
A095700,제넥신,1
A095910,에스에너지,1
A096040,이트론,1
A096240,청담러닝,1
A096350,대창솔루션,1
A096530,씨젠,1
A096610,알에프세미,1
A096630,에스코넥,1
A096640,멜파스,1
A096690,제이스테판,1
A096870,엘디티,1
A097520,엠씨넥스,1
A097780,에스맥,1
A097800,윈팩,1
A097870,효성오앤비,1
A098120,마이크로컨텍솔,1
A098460,고영,1
A098660,에스티오,1
A099190,아이센스,1
A099220,SDN,1
A099320,쎄트렉아이,1
A099410,동방선기,1
A099440,스맥,1
A099520,ITX엠투엠,1
A099750,이지케어텍,1
A100030,모바일리더,1
A100090,삼강엠앤티,1
A100120,뷰웍스,1
A100130,동국S&C,1
A100590,머큐리,1
A100660,서암기계공업,1
A100700,세운메디칼,1
A100790,미래에셋벤처투자,1
A101000,디엠씨,1
A101160,월덱스,1
A101170,우림기계,1
A101240,씨큐브,1
A101330,모베이스,1
A101390,아이엠,1
A101400,엔시트론,1
A101490,에스앤에스텍,1
A101670,코리아에스이,1
A101680,한국정밀기계,1
A101730,조이맥스,1
A101930,인화정공,1
A102120,어보브반도체,1
A102210,해덕파워웨이,1
A102710,이엔에프테크놀로지,1
A102940,코오롱생명과학,1
A103230,에스앤더블류,1
A104040,대성파인텍,1
A104200,NHN벅스,1
A104460,동양피엔에프,1
A104480,티케이케미칼,1
A104540,코렌텍,1
A104620,노랑풍선,1
A104830,원익머트리얼즈,1
A105330,케이엔더블유,1
A105550,트루윈,1
A105740,디케이락,1
A106080,지투하이소닉,1
A106190,하이텍팜,1
A106240,파인테크닉스,1
A106520,디지탈옵틱,1
A108230,톱텍,1
A108320,실리콘웍스,1
A108380,대양전기공업,1
A108490,로보티즈,1
A108790,인터파크,1
A108860,셀바스AI,1
A109080,옵티시스,1
A109610,에스와이패널,1
A109740,디에스케이,1
A109820,진매트릭스,1
A109860,동일금속,1
A109960,에이프로젠 H&G,1
A110020,전진바이오팜,1
A110790,크리스에프앤씨,1
A110990,디아이티,1
A111710,남화산업,1
A111820,지와이커머스,1
A111870,삼본정밀전자,1
A112040,위메이드,1
A112240,에스에프씨,1
A113810,디젠스,1
A114120,크루셜텍,1
A114190,웰크론강원,1
A114450,KPX생명과학,1
A114570,지스마트글로벌,1
A114630,우노앤컴퍼니,1
A114810,아이원스,1
A115160,휴맥스,1
A115180,큐리언트,1
A115310,인포바인,1
A115440,우리넷,1
A115450,지트리비앤티,1
A115480,씨유메디칼,1
A115500,케이씨에스,1
A115530,씨엔플러스,1
A115570,스타플렉스,1
A115610,이미지스,1
A115960,연우,1
A117670,알파홀딩스,1
A117730,티로보틱스,1
A118990,모트렉스,1
A119500,포메탈,1
A119610,인터로조,1
A119830,아이텍반도체,1
A119850,지엔씨에너지,1
A119860,다나와,1
A120240,대정화금,1
A121440,골프존뉴딘홀딩스,1
A121600,나노신소재,1
A121800,비덴트,1
A121850,코이즈,1
A121890,에스디시스템,1
A122310,제노레이,1
A122350,삼기오토모티브,1
A122450,KMH,1
A122640,예스티,1
A122690,서진오토모티브,1
A122800,썬텍,1
A122870,와이지엔터테인먼트,1
A122990,와이솔,1
A123010,옵토팩,1
A123040,엠에스오토텍,1
A123260,파인넥스,1
A123330,제닉,1
A123410,코리아에프티,1
A123420,선데이토즈,1
A123570,이엠넷,1
A123750,알톤스포츠,1
A123840,한일진공,1
A123860,아나패스,1
A124500,아이티센,1
A125210,아모그린텍,1
A126600,코프라,1
A126640,화신정공,1
A126700,하이비젼시스템,1
A126870,뉴로스,1
A126880,제이엔케이히터,1
A127120,디엔에이링크,1
A127160,매직마이크로,1
A127710,아시아경제,1
A128540,에코캡,1
A128660,피제이메탈,1
A130500,GH신소재,1
A130580,나이스디앤비,1
A130740,티피씨글로벌,1
A131030,디에이치피코리아,1
A131090,시큐브,1
A131100,리켐,1
A131180,딜리,1
A131220,대한과학,1
A131290,티에스이,1
A131370,알서포트,1
A131390,피앤이솔루션,1
A131400,액트,1
A131760,파인텍,1
A131970,테스나,1
A133750,메가엠디,1
A134060,이퓨쳐,1
A134580,디엠티,1
A134780,화진,1
A136480,하림,1
A136510,쎄미시스코,1
A136540,윈스,1
A137400,피엔티,1
A137940,넥스트아이,1
A137950,제이씨케미칼,1
A138070,신진에스엠,1
A138080,오이솔루션,1
A138360,에이씨티,1
A138580,비즈니스온,1
A138610,나이벡,1
A138690,엘아이에스,1
A139050,데일리블록체인,1
A139670,넥스트리밍,1
A140070,서플러스글로벌,1
A140410,메지온,1
A140520,대창스틸,1
A140670,알에스오토메이션,1
A140860,파크시스템스,1
A141000,비아트론,1
A141020,포티스,1
A141070,맥스로텍,1
A141080,레고켐바이오,1
A142210,유니트론텍,1
A142280,녹십자엠에스,1
A142760,바이오리더스,1
A143160,아이디스,1
A143240,사람인에이치알,1
A143540,영우디에스피,1
A144510,녹십자랩셀,1
A144960,뉴파워프라즈마,1
A145020,휴젤,1
A147760,마이크로프랜드,1
A147830,제룡산업,1
A148140,비디아이,1
A148250,알엔투테크놀로지,1
A149940,모다,1
A149950,아바텍,1
A149980,하이로닉,1
A150840,인트로메딕,1
A150900,파수닷컴,1
A151860,KG ETS,1
A151910,나노스,1
A153460,네이블,1
A153490,우리이앤엘,1
A153710,옵티팜,1
A154030,아시아종묘,1
A154040,솔루에타,1
A155650,와이엠씨,1
A156100,엘앤케이바이오,1
A158310,인터불스,1
A159580,제로투세븐,1
A159910,스킨앤스킨,1
A160550,NEW,1
A160600,에스엔텍,1
A160980,싸이맥스,1
A161570,THE MIDONG,1
A161580,필옵틱스,1
A166090,하나머티리얼즈,1
A166480,코아스템,1
A168330,내츄럴엔도텍,1
A170030,현대공업,1
A170790,파이오링크,1
A170920,엘티씨,1
A171010,램테크놀러지,1
A171090,선익시스템,1
A171120,라이온켐텍,1
A173130,오파스넷,1
A173940,에프엔씨엔터,1
A174880,장원테크,1
A174900,앱클론,1
A175140,인포마크,1
A175250,아이큐어,1
A176440,에이치엔티,1
A177350,베셀,1
A177830,파버나인,1
A178320,서진시스템,1
A178780,유테크,1
A178920,SKC코오롱PI,1
A179290,엠아이텍,1
A179900,유티아이,1
A180400,캔서롭,1
A181340,이즈미디어,1
A182360,큐브엔터,1
A182400,에이티젠,1
A182690,테라셈,1
A183300,코미코,1
A183490,엔지켐생명과학,1
A184230,SGA솔루션즈,1
A185490,아이진,1
A187220,디티앤씨,1
A187270,신화콘텍,1
A187420,제노포커스,1
A187790,나노,1
A187870,디바이스이엔지,1
A189300,인텔리안테크,1
A189690,포시에스,1
A189860,서전기전,1
A189980,흥국에프엔비,1
A190510,나무가,1
A191410,육일씨엔에쓰,1
A191420,테고사이언스,1
A192250,케이사인,1
A192390,윈하이텍,1
A192410,감마누,1
A192440,슈피겐코리아,1
A193250,와이제이엠게임즈,1
A194480,데브시스터즈,1
A194510,파티게임즈,1
A194700,노바렉스,1
A195440,퓨전데이타,1
A195990,유지인트,1
A196170,알테오젠,1
A196300,애니젠,1
A196450,텔루스,1
A196490,디에이테크놀로지,1
A196700,웹스,1
A197140,디지캡,1
A197210,리드,1
A198440,고려시멘트,1
A200130,콜마비앤에이치,1
A200230,텔콘RF제약,1
A200470,하이셈,1
A200670,휴메딕스,1
A200710,에이디테크놀로지,1
A200780,비씨월드제약,1
A201490,미투온,1
A203450,유니온커뮤니티,1
A203650,드림시큐리티,1
A203690,프로스테믹스,1
A204020,엠코르셋,1
A204620,글로벌텍스프리,1
A204630,화이브라더스코리아,1
A204840,지엘팜텍,1
A204990,현성바이탈,1
A205100,엑셈,1
A205470,휴마시스,1
A205500,액션스퀘어,1
A206400,엔터메이트,1
A206560,덱스터,1
A206640,바디텍메드,1
A206650,유바이오로직스,1
A207760,미스터블루,1
A208140,정다운,1
A208340,파멥신,1
A208350,지란지교시큐리티,1
A208370,셀바스헬스케어,1
A208640,썸에이지,1
A208710,바이오로그디바이스,1
A208860,엔지스테크널러지,1
A211270,AP위성,1
A212560,네오오토,1
A213090,미래테크놀로지,1
A213420,덕산네오룩스,1
A214150,클래시스,1
A214180,민앤지,1
A214270,퓨쳐스트림네트웍스,1
A214310,세미콘라이트,1
A214370,케어젠,1
A214430,아이쓰리시스템,1
A214450,파마리서치프로덕트,1
A214680,디알텍,1
A214870,에치디프로,1
A215000,골프존,1
A215090,한컴유니맥스,1
A215100,로보로보,1
A215200,메가스터디교육,1
A215360,우리산업,1
A215380,우정바이오,1
A215480,토박스코리아,1
A215600,신라젠,1
A215790,이노인스트루먼트,1
A216050,인크로스,1
A217190,제너셈,1
A217270,넵튠,1
A217330,싸이토젠,1
A217480,에스디생명공학,1
A217500,러셀,1
A217600,켐온,1
A217620,디딤,1
A217730,강스템바이오텍,1
A217820,엔에스,1
A218150,미래생명자원,1
A218410,RFHIC,1
A219130,타이거일렉,1
A219420,링크제니시스,1
A219550,MP한강,1
A219750,지티지웰니스,1
A220100,퓨쳐켐,1
A220180,핸디소프트,1
A220260,켐트로스,1
A220630,해마로푸드서비스,1
A221610,한솔씨앤피,1
A221840,하이즈항공,1
A221980,케이디켐,1
A222040,뉴트리바이오텍,1
A222080,씨아이에스,1
A222110,팬젠,1
A222420,쎄노텍,1
A222800,심텍,1
A222810,한류AI센터,1
A222980,한국맥널티,1
A223310,이에스브이,1
A224060,코디엠,1
A224110,에이텍티앤,1
A225190,삼양옵틱스,1
A225330,씨엠에스에듀,1
A225430,케이엠제약,1
A225530,보광산업,1
A225570,넷게임즈,1
A225590,패션플랫폼,1
A225650,쿠첸,1
A226340,본느,1
A226350,아이엠텍,1
A226360,이엑스티,1
A226400,오스테오닉,1
A226440,한송네오텍,1
A226950,올릭스,1
A227100,디자인,1
A227610,아우딘퓨쳐스,1
A227950,마이크로텍,1
A228340,동양파일,1
A228760,지노믹트리,1
A228850,레이언스,1
A230240,에치에프알,1
A230360,에코마케팅,1
A230980,솔트웍스,1
A232140,와이아이케이,1
A232330,SK3호스팩,1
A234100,세원,1
A234300,에스트래픽,1
A234920,자이글,1
A236200,슈프리마,1
A237690,에스티팜,1
A237750,피앤씨테크,1
A237880,클리오,1
A238090,앤디포스,1
A238120,로고스바이오,1
A238200,비피도,1
A238490,힘스,1
A239340,미래에셋제5호스팩,1
A239610,에이치엘사이언스,1
A240810,원익IPS,1
A241520,DSC인베스트먼트,1
A241690,유니테크노,1
A241710,코스메카코리아,1
A241770,메카로,1
A241790,오션브릿지,1
A241820,피씨엘,1
A242040,나무기술,1
A243070,휴온스,1
A243840,신흥에스이씨,1
A245620,EDGC,1
A246690,티에스인베스트먼트,1
A246710,티앤알바이오팹,1
A246720,아스타,1
A246960,이노테라피,1
A247540,에코프로비엠,1
A250000,보라티알,1
A250060,모비스,1
A250930,케이비제10호스팩,1
A251370,와이엠티,1
A251630,브이원텍,1
A252500,세화피앤씨,1
A253450,스튜디오드래곤,1
A253590,네오셈,1
A254120,IBKS제5호스팩,1
A255220,SG,1
A255440,야스,1
A256630,엔에이치스팩10호,1
A256840,엔에이치스팩11호,1
A256940,케이피에스,1
A257370,명성티엔에스,1
A257730,신한제3호스팩,1
A258610,이더블유케이,1
A258790,케이비제11호스팩,1
A258830,세종메디칼,1
A259630,엠플러스,1
A260660,알리코제약,1
A260930,씨티케이코스메틱스,1
A261200,하나금융9호스팩,1
A262830,대신밸런스제4호스팩,1
A263020,디케이앤디,1
A263050,유틸렉스,1
A263540,샘코,1
A263600,덕우전자,1
A263690,디알젬,1
A263700,케어랩스,1
A263720,디앤씨미디어,1
A263750,펄어비스,1
A263770,유에스티,1
A263800,데이타솔루션,1
A263810,상신전자,1
A263860,지니언스,1
A263920,에스엔피월드,1
A264290,한화에이스스팩3호,1
A264450,유비쿼스,1
A264660,씨앤지하이테크,1
A264850,IBKS제6호스팩,1
A265480,미래에셋대우스팩1호,1
A265520,AP시스템,1
A265560,영화테크,1
A265920,한화수성스팩,1
A267320,교보7호스팩,1
A267790,배럴,1
A267980,매일유업,1
A268600,셀리버리,1
A269620,시스웍,1
A270520,하나금융10호스팩,1
A270870,뉴트리,1
A271740,한국제5호스팩,1
A272290,이녹스첨단소재,1
A273060,엔에이치스팩12호,1
A275630,에스에스알,1
A276920,IBKS제7호스팩,1
A277070,린드먼아시아,1
A277410,인산가,1
A277480,신한제4호스팩,1
A278280,천보,1
A279410,한화에이스스팩4호,1
A281410,한국제6호스팩,1
A281740,동부스팩5호,1
A284620,하나금융11호스팩,1
A285490,노바텍,1
A287410,유안타제3호스팩,1
A288620,에스퓨얼셀,1
A289080,SV인베스트먼트,1
A290120,대유에이피,1
A290270,휴네시온,1
A290380,대유,1
A290550,디케이티,1
A290650,엘앤씨바이오,1
A290660,네오펙트,1
A290670,대보마그네틱,1
A290720,푸드나무,1
A290740,액트로,1
A291210,한국제7호스팩,1
A291230,삼성스팩2호,1
A293580,나우아이비캐피탈,1
A297570,IBKS제9호스팩,1
A298380,에이비엘바이오,1
A299170,IBKS제10호스팩,1
A299660,셀리드,1
A299900,위지윅스튜디오,1
A299910,베스파,1
A302430,이노메트리,1
A303030,대신밸런스제5호스팩,1
A306620,DB금융스팩6호,1
A307070,SK4호스팩,1
A307160,하나머스트제6호스팩,1
A307180,신영스팩4호,1
A307280,교보8호스팩,1
A307750,대신밸런스제6호스팩,1
A307870,골든브릿지이안5호,1
A309930,삼성머스트스팩3호,1
A310200,미래에셋대우스팩2호,1
A310840,엔에이치스팩13호,1
A310870,한국제8호스팩,1
A311270,키움제5호스팩,1
A313750,유안타제4호스팩,1
A317030,케이비17호스팩,1
A900040,차이나그레이트,13
A900070,글로벌에스엠,13
A900080,에스앤씨엔진그룹,13
A900100,뉴프라이드,13
A900110,이스트아시아홀딩스,13
A900120,씨케이에이치,13
A900250,크리스탈신소재,13
A900260,로스웰,13
A900270,헝셩그룹,13
A900280,골든센츄리,13
A900290,GRT,13
A900300,오가닉티코스메틱,13
A900310,컬러레이,13
A900340,윙입푸드,13
A950110,SBI핀테크솔루션즈,6
A950130,엑세스바이오,6
A950140,잉글우드랩,6
A950160,코오롱티슈진,6
A950170,JTC,6
